"code","id","account_type","chart_template_id/id","name","note","reconcile"
"010","ba_fbih_010","asset_non_current","l10n_ba.l10n_ba_fbih_chart_template","Kapitalizirana ulaganja u razvoj",,
"011","ba_fbih_011","asset_non_current","l10n_ba.l10n_ba_fbih_chart_template","Koncesije, patenti, licence, zaštitni znakovi i druga prava",,
"012","ba_fbih_012","asset_non_current","l10n_ba.l10n_ba_fbih_chart_template","Goodwill",,
"013","ba_fbih_013","asset_non_current","l10n_ba.l10n_ba_fbih_chart_template","Ulaganja na tuđim stalnim sredstvima",,
"014","ba_fbih_014","asset_non_current","l10n_ba.l10n_ba_fbih_chart_template","Ostala nematerijalna sredstva",,
"015","ba_fbih_015","asset_non_current","l10n_ba.l10n_ba_fbih_chart_template","Nematerijalna sredstva u pripremi",,
"017","ba_fbih_017","asset_prepayments","l10n_ba.l10n_ba_fbih_chart_template","Avansi za nematerijalna sredstva",,
"020","ba_fbih_020","asset_non_current","l10n_ba.l10n_ba_fbih_chart_template","Zemljište",,
"021","ba_fbih_021","asset_non_current","l10n_ba.l10n_ba_fbih_chart_template","Građevinski objekti",,
"022","ba_fbih_022","asset_non_current","l10n_ba.l10n_ba_fbih_chart_template","Postrojenja i oprema (mašine)",,
"023","ba_fbih_023","asset_non_current","l10n_ba.l10n_ba_fbih_chart_template","Alati, pogonski i kancelarijski namještaj",,
"024","ba_fbih_024","asset_non_current","l10n_ba.l10n_ba_fbih_chart_template","Transportna sredstva",,
"025","ba_fbih_025","asset_non_current","l10n_ba.l10n_ba_fbih_chart_template","Nekretnine, postrojenja i oprema u pripremi",,
"026","ba_fbih_026","asset_non_current","l10n_ba.l10n_ba_fbih_chart_template","Stambene zgrade i stanovi",,
"027","ba_fbih_027","asset_prepayments","l10n_ba.l10n_ba_fbih_chart_template","Avansi za nekretnine, postrojenja i opremu",,
"030","ba_fbih_030","asset_non_current","l10n_ba.l10n_ba_fbih_chart_template","Ulaganja u vlastito zemljište",,
"031","ba_fbih_031","asset_non_current","l10n_ba.l10n_ba_fbih_chart_template","Ulaganja u unajmljeno zemljište",,
"032","ba_fbih_032","asset_non_current","l10n_ba.l10n_ba_fbih_chart_template","Ulaganja u vlastite građevine",,
"033","ba_fbih_033","asset_non_current","l10n_ba.l10n_ba_fbih_chart_template","Ulaganja u unajmljene građevine",,
"035","ba_fbih_035","asset_non_current","l10n_ba.l10n_ba_fbih_chart_template","Ulaganja u nekretnine u pripremi",,
"037","ba_fbih_037","asset_prepayments","l10n_ba.l10n_ba_fbih_chart_template","Avansi za investicijske nekretnine",,
"040","ba_fbih_040","asset_non_current","l10n_ba.l10n_ba_fbih_chart_template","Šume",,
"041","ba_fbih_041","asset_non_current","l10n_ba.l10n_ba_fbih_chart_template","Višegodišnji zasadi",,
"042","ba_fbih_042","asset_non_current","l10n_ba.l10n_ba_fbih_chart_template","Osnovno stado",,
"045","ba_fbih_045","asset_non_current","l10n_ba.l10n_ba_fbih_chart_template","Biološka sredstva u pripremi",,
"047","ba_fbih_047","asset_prepayments","l10n_ba.l10n_ba_fbih_chart_template","Avansi za biološka sredstva",,
"050","ba_fbih_050","asset_non_current","l10n_ba.l10n_ba_fbih_chart_template","Ostala stalna materijalna sredstva u upotrebi",,
"055","ba_fbih_055","asset_non_current","l10n_ba.l10n_ba_fbih_chart_template","Ostala stalna materijalna sredstva u pripremi",,
"057","ba_fbih_057","asset_prepayments","l10n_ba.l10n_ba_fbih_chart_template","Avansi za ostala stalna materijalna sredstva",,
"060","ba_fbih_060","asset_current","l10n_ba.l10n_ba_fbih_chart_template","Učešća u kapitalu povezanih pravnih lica",,
"061","ba_fbih_061","asset_current","l10n_ba.l10n_ba_fbih_chart_template","Učešća u kapitalu drugih pravnih lica",,
"062","ba_fbih_062","asset_current","l10n_ba.l10n_ba_fbih_chart_template","Dugoročni krediti dati povezanim pravnim licima",,
"063","ba_fbih_063","asset_current","l10n_ba.l10n_ba_fbih_chart_template","Dugoročni krediti dati u zemlji",,
"064","ba_fbih_064","asset_current","l10n_ba.l10n_ba_fbih_chart_template","Dugoročni krediti dati u inostranstvo",,
"065","ba_fbih_065","asset_current","l10n_ba.l10n_ba_fbih_chart_template","Finansijska sredstva raspoloživa za prodaju",,
"066","ba_fbih_066","asset_current","l10n_ba.l10n_ba_fbih_chart_template","Finansijska sredstva koja se drže do roka dospijeća",,
"068","ba_fbih_068","asset_current","l10n_ba.l10n_ba_fbih_chart_template","Ostali dugoročni finansijski plasmani",,
"069","ba_fbih_069","asset_current","l10n_ba.l10n_ba_fbih_chart_template","Ispravka vrijednosti dugoročnih finansijskih plasmana",,
"070","ba_fbih_070","asset_current","l10n_ba.l10n_ba_fbih_chart_template","Potraživanja od povezanih pravnih lica",,
"071","ba_fbih_071","asset_current","l10n_ba.l10n_ba_fbih_chart_template","Potraživanja po osnovu prodaje na kredit",,
"072","ba_fbih_072","asset_current","l10n_ba.l10n_ba_fbih_chart_template","Potraživanja po ugovorima o finansijskom najmu (lizingu)",,
"078","ba_fbih_078","asset_current","l10n_ba.l10n_ba_fbih_chart_template","Ostala dugoročna potraživanja",,
"079","ba_fbih_079","asset_current","l10n_ba.l10n_ba_fbih_chart_template","Ispravka vrijednosti dugoročnih potraživanja",,
"090","ba_fbih_090","asset_current","l10n_ba.l10n_ba_fbih_chart_template","Odložena porezna sredstva",,
"091","ba_fbih_091","asset_current","l10n_ba.l10n_ba_fbih_chart_template","Unaprijed plaćeni troškovi (za period duži od 12 mjeseci)",,
"098","ba_fbih_098","asset_current","l10n_ba.l10n_ba_fbih_chart_template","Ostala dugoročna razgraničenja",,
"100","ba_fbih_100","asset_current","l10n_ba.l10n_ba_fbih_chart_template","Obračun troška nabavke",,
"101","ba_fbih_101","asset_current","l10n_ba.l10n_ba_fbih_chart_template","Sirovine i materijal",,
"102","ba_fbih_102","asset_current","l10n_ba.l10n_ba_fbih_chart_template","Rezervni dijelovi",,
"103","ba_fbih_103","asset_current","l10n_ba.l10n_ba_fbih_chart_template","Autogume i ambalaža",,
"104","ba_fbih_104","asset_current","l10n_ba.l10n_ba_fbih_chart_template","Alat i sitan inventar",,
"108","ba_fbih_108","asset_current","l10n_ba.l10n_ba_fbih_chart_template","Odstupanje od cijena",,
"109","ba_fbih_109","asset_current","l10n_ba.l10n_ba_fbih_chart_template","Ispravka vrijednosti sirovina, materijala, dijelova i inventara",,
"110","ba_fbih_110","asset_current","l10n_ba.l10n_ba_fbih_chart_template","Proizvodnja u toku, nedovršeni proizvodi",,
"111","ba_fbih_111","asset_current","l10n_ba.l10n_ba_fbih_chart_template","Poluproizvodi i dijelovi vlastite proizvodnje",,
"112","ba_fbih_112","asset_current","l10n_ba.l10n_ba_fbih_chart_template","Proizvodnja kod kooperanata",,
"113","ba_fbih_113","asset_current","l10n_ba.l10n_ba_fbih_chart_template","Obustavljena proizvodnja",,
"114","ba_fbih_114","asset_current","l10n_ba.l10n_ba_fbih_chart_template","Poluproizvodi u doradi i obradi",,
"115","ba_fbih_115","asset_current","l10n_ba.l10n_ba_fbih_chart_template","Nedovršene usluge",,
"118","ba_fbih_118","asset_current","l10n_ba.l10n_ba_fbih_chart_template","Odstupanje od cijena",,
"119","ba_fbih_119","asset_current","l10n_ba.l10n_ba_fbih_chart_template","Ispravka vrijednosti nedovršene proizvodnje",,
"120","ba_fbih_120","asset_current","l10n_ba.l10n_ba_fbih_chart_template","Proizvodi u skladištu",,
"121","ba_fbih_121","asset_current","l10n_ba.l10n_ba_fbih_chart_template","Proizvodi u maloprodajnim objektima",,
"122","ba_fbih_122","asset_current","l10n_ba.l10n_ba_fbih_chart_template","Ukalkulisana razlika u cijeni",,
"123","ba_fbih_123","asset_current","l10n_ba.l10n_ba_fbih_chart_template","Ukalkulisani PDV",,
"124","ba_fbih_124","asset_current","l10n_ba.l10n_ba_fbih_chart_template","Proizvodi u komisionu i konsignaciji",,
"125","ba_fbih_125","asset_current","l10n_ba.l10n_ba_fbih_chart_template","Proizvodi izvan upotrebe",,
"126","ba_fbih_126","asset_current","l10n_ba.l10n_ba_fbih_chart_template","Proizvodi u obradi i doradi",,
"128","ba_fbih_128","asset_current","l10n_ba.l10n_ba_fbih_chart_template","Odstupanje od cijena",,
"129","ba_fbih_129","asset_current","l10n_ba.l10n_ba_fbih_chart_template","Ispravka vrijednosti proizvoda",,
"130","ba_fbih_130","asset_current","l10n_ba.l10n_ba_fbih_chart_template","Obračun troška nabavke robe",,
"131","ba_fbih_131","asset_current","l10n_ba.l10n_ba_fbih_chart_template","Nekretnine nabavljene radi dalje prodaje",,
"132","ba_fbih_132","asset_current","l10n_ba.l10n_ba_fbih_chart_template","Roba u prodaji na veliko",,
"133","ba_fbih_133","asset_current","l10n_ba.l10n_ba_fbih_chart_template","Roba u maloprodajnim objektima",,
"134","ba_fbih_134","asset_current","l10n_ba.l10n_ba_fbih_chart_template","Roba u tranzitu, komisionu i konsignaciji",,
"135","ba_fbih_135","asset_current","l10n_ba.l10n_ba_fbih_chart_template","Roba na putu",,
"136","ba_fbih_136","asset_current","l10n_ba.l10n_ba_fbih_chart_template","Roba u obradi i doradi",,
"137","ba_fbih_137","asset_current","l10n_ba.l10n_ba_fbih_chart_template","Ukalkulisana razlika u cijeni",,
"138","ba_fbih_138","asset_current","l10n_ba.l10n_ba_fbih_chart_template","Ukalkulisani PDV",,
"139","ba_fbih_139","asset_current","l10n_ba.l10n_ba_fbih_chart_template","Ispravka vrijednosti robe",,
"140","ba_fbih_140","asset_current","l10n_ba.l10n_ba_fbih_chart_template","Nematerijalna sredstva namijenjena prodaji",,
"141","ba_fbih_141","asset_current","l10n_ba.l10n_ba_fbih_chart_template","Zemljište namijenjeno prodaji",,
"142","ba_fbih_142","asset_current","l10n_ba.l10n_ba_fbih_chart_template","Građevinski objekti namijenjeni prodaji",,
"143","ba_fbih_143","asset_current","l10n_ba.l10n_ba_fbih_chart_template","Postrojenja i oprema namijenjeni prodaji",,
"144","ba_fbih_144","asset_current","l10n_ba.l10n_ba_fbih_chart_template","Investicijske nekretnine namijenjene prodaji",,
"145","ba_fbih_145","asset_current","l10n_ba.l10n_ba_fbih_chart_template","Biološka sredstva namijenjena prodaji",,
"146","ba_fbih_146","asset_current","l10n_ba.l10n_ba_fbih_chart_template","Ostala stalna sredstva namijenjena prodaji",,
"147","ba_fbih_147","asset_current","l10n_ba.l10n_ba_fbih_chart_template","Sredstva obustavljenog poslovanja namijenjena prodaji",,
"149","ba_fbih_149","asset_current","l10n_ba.l10n_ba_fbih_chart_template","Ispravka vrijednosti sredstava namijenjenih prodaji i obustavljenog poslovanja",,
"150","ba_fbih_150","asset_prepayments","l10n_ba.l10n_ba_fbih_chart_template","Dati avansi za zalihe i usluge povezanim pravnim licima",,
"151","ba_fbih_151","asset_prepayments","l10n_ba.l10n_ba_fbih_chart_template","Dati avansi za zalihe i usluge ostalim pravnim licima",,
"159","ba_fbih_159","asset_prepayments","l10n_ba.l10n_ba_fbih_chart_template","Ispravka vrijednosti datih avansa",,
"200","ba_fbih_200","asset_current","l10n_ba.l10n_ba_fbih_chart_template","Transakcijski računi, domaća valuta",,
"201","ba_fbih_201","asset_current","l10n_ba.l10n_ba_fbih_chart_template","Transakcijski računi, strana valuta",,
"202","ba_fbih_202","asset_current","l10n_ba.l10n_ba_fbih_chart_template","Izdvojena novčana sredstva",,
"203","ba_fbih_203","asset_current","l10n_ba.l10n_ba_fbih_chart_template","Akreditivi, domaća valuta",,
"204","ba_fbih_204","asset_current","l10n_ba.l10n_ba_fbih_chart_template","Akreditivi, strana valuta",,
"205","ba_fbih_205","asset_current","l10n_ba.l10n_ba_fbih_chart_template","Blagajne, domaća valuta",,
"206","ba_fbih_206","asset_current","l10n_ba.l10n_ba_fbih_chart_template","Blagajne, strana valuta",,
"207","ba_fbih_207","asset_current","l10n_ba.l10n_ba_fbih_chart_template","Gotovinski ekvivalenti",,
"208","ba_fbih_208","asset_current","l10n_ba.l10n_ba_fbih_chart_template","Ostala novčana sredstva",,
"209","ba_fbih_209","asset_current","l10n_ba.l10n_ba_fbih_chart_template","Oročena novčana sredstva",,
"210","ba_fbih_210","asset_receivable","l10n_ba.l10n_ba_fbih_chart_template","Kupci - povezana pravna lica",,"True"
"211","ba_fbih_211","asset_receivable","l10n_ba.l10n_ba_fbih_chart_template","Kupci u zemlji",,"True"
"212","ba_fbih_212","asset_receivable","l10n_ba.l10n_ba_fbih_chart_template","Kupci u inostranstvu",,"True"
"219","ba_fbih_219","asset_current","l10n_ba.l10n_ba_fbih_chart_template","Ispravka vrijednosti potraživanja od kupaca",,
"220","ba_fbih_220","asset_current","l10n_ba.l10n_ba_fbih_chart_template","Potraživanja od izvoznika",,
"221","ba_fbih_221","asset_current","l10n_ba.l10n_ba_fbih_chart_template","Potraživanja po osnovu uvoza za tuđi račun",,
"222","ba_fbih_222","asset_current","l10n_ba.l10n_ba_fbih_chart_template","Potraživanja po osnovu konsignacione i komisione prodaje",,
"223","ba_fbih_223","asset_current","l10n_ba.l10n_ba_fbih_chart_template","Potraživanja iz zajedničkih poslova",,
"228","ba_fbih_228","asset_current","l10n_ba.l10n_ba_fbih_chart_template","Ostala potraživanja iz specifičnih poslova",,
"229","ba_fbih_229","asset_current","l10n_ba.l10n_ba_fbih_chart_template","Ispravka vrijednosti potraživanja iz specifičnih poslova",,
"230","ba_fbih_230","asset_current","l10n_ba.l10n_ba_fbih_chart_template","Potraživanja za kamatu i dividendu od povezanih pravnih lica",,
"231","ba_fbih_231","asset_current","l10n_ba.l10n_ba_fbih_chart_template","Potraživanja za kamatu i dividendu od drugih subjekata",,
"232","ba_fbih_232","asset_current","l10n_ba.l10n_ba_fbih_chart_template","Potraživanja od zaposlenika",,
"233","ba_fbih_233","asset_current","l10n_ba.l10n_ba_fbih_chart_template","Potraživanja od državnih organa i institucija",,
"234","ba_fbih_234","asset_current","l10n_ba.l10n_ba_fbih_chart_template","Potraživanja za više plaćeni porez na dobit",,
"235","ba_fbih_235","asset_current","l10n_ba.l10n_ba_fbih_chart_template","Potraživanja za više plaćene ostale poreze i doprinose",,
"238","ba_fbih_238","asset_current","l10n_ba.l10n_ba_fbih_chart_template","Ostala kratkoročna potraživanja",,
"239","ba_fbih_239","asset_current","l10n_ba.l10n_ba_fbih_chart_template","Ispravka vrijednosti drugih kratkoročnih potraživanja",,
"240","ba_fbih_240","asset_current","l10n_ba.l10n_ba_fbih_chart_template","Kratkoročni krediti povezanim pravnim licima",,
"241","ba_fbih_241","asset_current","l10n_ba.l10n_ba_fbih_chart_template","Kratkoročni krediti dati u zemlji",,
"242","ba_fbih_242","asset_current","l10n_ba.l10n_ba_fbih_chart_template","Kratkoročni krediti dati u inostranstvo",,
"243","ba_fbih_243","asset_current","l10n_ba.l10n_ba_fbih_chart_template","Kratkoročni dio dugoročnih kredita",,
"244","ba_fbih_244","asset_current","l10n_ba.l10n_ba_fbih_chart_template","Kratkoročni dio dugoročnih vrijednosnih papira",,
"245","ba_fbih_245","asset_current","l10n_ba.l10n_ba_fbih_chart_template","Finansijska sredstva namijenjena trgovanju",,
"246","ba_fbih_246","asset_current","l10n_ba.l10n_ba_fbih_chart_template","Druga finansijska sredstva označena po fer vrijednosti",,
"248","ba_fbih_248","asset_current","l10n_ba.l10n_ba_fbih_chart_template","Ostali kratkoročni finansijski plasmani",,
"249","ba_fbih_249","asset_current","l10n_ba.l10n_ba_fbih_chart_template","Ispravka vrijednosti kratkoročnih finansijskih plasmana",,
"270","ba_fbih_270","asset_current","l10n_ba.l10n_ba_fbih_chart_template","PDV u primljenim fakturama",,
"271","ba_fbih_271","asset_current","l10n_ba.l10n_ba_fbih_chart_template","PDV plaćen pri uvozu dobara",,
"272","ba_fbih_272","asset_current","l10n_ba.l10n_ba_fbih_chart_template","PDV sadržan u datim avansima",,
"273","ba_fbih_273","asset_current","l10n_ba.l10n_ba_fbih_chart_template","PDV obračunat na usluge stranih lica",,
"274","ba_fbih_274","asset_current","l10n_ba.l10n_ba_fbih_chart_template","Paušalni iznosi PDV-a isplaćeni poljoprivrednicima",,
"275","ba_fbih_275","asset_current","l10n_ba.l10n_ba_fbih_chart_template","Ulazni porez uplaćen po posebnoj šemi",,
"276","ba_fbih_276","asset_current","l10n_ba.l10n_ba_fbih_chart_template","Ulazni porez na koji još nije stečeno pravo odbitka",,
"278","ba_fbih_278","asset_current","l10n_ba.l10n_ba_fbih_chart_template","Druga potraživanja iz osnova PDV-a",,
"279","ba_fbih_279","asset_current","l10n_ba.l10n_ba_fbih_chart_template","Potraživanja za razliku ulaznog poreza i obaveza za PDV",,
"280","ba_fbih_280","asset_current","l10n_ba.l10n_ba_fbih_chart_template","Unaprijed plaćeni rashodi",,
"281","ba_fbih_281","asset_current","l10n_ba.l10n_ba_fbih_chart_template","Potraživanja za nefakturisani prihod",,
"282","ba_fbih_282","asset_current","l10n_ba.l10n_ba_fbih_chart_template","Razgraničeni troškovi po osnovu obaveza",,
"283","ba_fbih_283","asset_current","l10n_ba.l10n_ba_fbih_chart_template","Nerealizovani gubici od držanja ulaganja u vrijednosne papire",,
"288","ba_fbih_288","asset_current","l10n_ba.l10n_ba_fbih_chart_template","Odložena porezna sredstva",,
"289","ba_fbih_289","asset_current","l10n_ba.l10n_ba_fbih_chart_template","Ostala kratkoročna razgraničenja",,
"290","ba_fbih_290","asset_current","l10n_ba.l10n_ba_fbih_chart_template","Gubitak iznad visine kapitala",,
"300","ba_fbih_300","equity","l10n_ba.l10n_ba_fbih_chart_template","Dionički kapital",,
"302","ba_fbih_302","equity","l10n_ba.l10n_ba_fbih_chart_template","Udjeli članova društva sa ograničenom odgovornošću",,
"303","ba_fbih_303","equity","l10n_ba.l10n_ba_fbih_chart_template","Zadružni udjeli",,
"304","ba_fbih_304","equity","l10n_ba.l10n_ba_fbih_chart_template","Ulozi",,
"305","ba_fbih_305","equity","l10n_ba.l10n_ba_fbih_chart_template","Državni kapital",,
"309","ba_fbih_309","equity","l10n_ba.l10n_ba_fbih_chart_template","Ostali osnovni kapital",,
"310","ba_fbih_310","equity","l10n_ba.l10n_ba_fbih_chart_template","Upisane neuplaćene dionice",,
"312","ba_fbih_312","equity","l10n_ba.l10n_ba_fbih_chart_template","Upisani neuplaćeni udjeli",,
"319","ba_fbih_319","equity","l10n_ba.l10n_ba_fbih_chart_template","Ostali upisani neuplaćeni kapital",,
"320","ba_fbih_320","equity","l10n_ba.l10n_ba_fbih_chart_template","Emisiona premija",,
"321","ba_fbih_321","equity","l10n_ba.l10n_ba_fbih_chart_template","Zakonske rezerve",,
"322","ba_fbih_322","equity","l10n_ba.l10n_ba_fbih_chart_template","Statutarne i druge rezerve",,
"330","ba_fbih_330","equity","l10n_ba.l10n_ba_fbih_chart_template","Revalorizacione rezerve iz osnova revalorizacije stalnih sredstava",,
"331","ba_fbih_331","equity","l10n_ba.l10n_ba_fbih_chart_template","Razlike nastale prevođenjem finansijskih izvještaja u valutu prezentacije",,
"332","ba_fbih_332","equity","l10n_ba.l10n_ba_fbih_chart_template","Nerealizovani dobici iz osnova finansijskih sredstava raspoloživih za prodaju",,
"333","ba_fbih_333","equity","l10n_ba.l10n_ba_fbih_chart_template","Nerealizovani gubici iz osnova finansijskih sredstava raspoloživih za prodaju",,
"339","ba_fbih_339","equity","l10n_ba.l10n_ba_fbih_chart_template","Ostale revalorizacione rezerve i nerealizovani dobici i gubici",,
"340","ba_fbih_340","equity","l10n_ba.l10n_ba_fbih_chart_template","Neraspoređena dobit ranijih godina",,
"341","ba_fbih_341","equity","l10n_ba.l10n_ba_fbih_chart_template","Neraspoređena dobit izvještajne godine",,
"342","ba_fbih_342","equity","l10n_ba.l10n_ba_fbih_chart_template","Neraspoređeni višak prihoda ranijih godina",,
"343","ba_fbih_343","equity","l10n_ba.l10n_ba_fbih_chart_template","Neraspoređeni višak prihoda izvještajne godine",,
"350","ba_fbih_350","equity","l10n_ba.l10n_ba_fbih_chart_template","Gubitak ranijih godina",,
"351","ba_fbih_351","equity_unaffected","l10n_ba.l10n_ba_fbih_chart_template","Gubitak izvještajne godine",,
"352","ba_fbih_352","equity","l10n_ba.l10n_ba_fbih_chart_template","Nepokriveni višak rashoda ranijih godina",,
"353","ba_fbih_353","equity","l10n_ba.l10n_ba_fbih_chart_template","Nepokriveni višak rashoda izvještajne godine",,
"360","ba_fbih_360","equity","l10n_ba.l10n_ba_fbih_chart_template","Otkupljene vlastite dionice i udjeli",,
"400","ba_fbih_400","liability_non_current","l10n_ba.l10n_ba_fbih_chart_template","Rezervisanja za troškove u garantnom roku",,
"401","ba_fbih_401","liability_non_current","l10n_ba.l10n_ba_fbih_chart_template","Rezervisanja za troškove obnavljanja prirodnih bogatstava",,
"402","ba_fbih_402","liability_non_current","l10n_ba.l10n_ba_fbih_chart_template","Rezervisanja za zadržane kaucije i depozite",,
"403","ba_fbih_403","liability_non_current","l10n_ba.l10n_ba_fbih_chart_template","Rezervisanja za troškove restrukturiranja",,
"404","ba_fbih_404","liability_non_current","l10n_ba.l10n_ba_fbih_chart_template","Rezervisanja za naknade i beneficije zaposlenika",,
"405","ba_fbih_405","liability_non_current","l10n_ba.l10n_ba_fbih_chart_template","Rezervisanja po započetim sudskim sporovima",,
"406","ba_fbih_406","liability_non_current","l10n_ba.l10n_ba_fbih_chart_template","Rezervisanja po štetnim ugovorima",,
"407","ba_fbih_407","liability_non_current","l10n_ba.l10n_ba_fbih_chart_template","Unaprijed naplaćeni i drugi odloženi prihodi",,
"408","ba_fbih_408","liability_non_current","l10n_ba.l10n_ba_fbih_chart_template","Odložene porezne obaveze",,
"409","ba_fbih_409","liability_non_current","l10n_ba.l10n_ba_fbih_chart_template","Ostala dugoročna rezervisanja i razgraničenja",,
"410","ba_fbih_410","liability_non_current","l10n_ba.l10n_ba_fbih_chart_template","Obaveze koje se mogu konvertovati u kapital",,
"411","ba_fbih_411","liability_non_current","l10n_ba.l10n_ba_fbih_chart_template","Dugoročne obaveze prema povezanim pravnim licima",,
"412","ba_fbih_412","liability_non_current","l10n_ba.l10n_ba_fbih_chart_template","Obaveze po emitovanim dugoročnim vrijednosnim papirima",,
"413","ba_fbih_413","liability_non_current","l10n_ba.l10n_ba_fbih_chart_template","Dugoročni krediti uzeti u zemlji",,
"414","ba_fbih_414","liability_non_current","l10n_ba.l10n_ba_fbih_chart_template","Dugoročni krediti uzeti u inostranstvu",,
"415","ba_fbih_415","liability_non_current","l10n_ba.l10n_ba_fbih_chart_template","Dugoročne obaveze po finansijskom lizingu u zemlji",,
"416","ba_fbih_416","liability_non_current","l10n_ba.l10n_ba_fbih_chart_template","Dugoročne obaveze po finansijskom lizingu u inostranstvu",,
"417","ba_fbih_417","liability_non_current","l10n_ba.l10n_ba_fbih_chart_template","Dugoročne obaveze po fer vrijednosti kroz račun dobiti i gubitka",,
"419","ba_fbih_419","liability_non_current","l10n_ba.l10n_ba_fbih_chart_template","Ostale dugoročne obaveze",,
"420","ba_fbih_420","liability_current","l10n_ba.l10n_ba_fbih_chart_template","Obaveze prema povezanim pravnim licima",,
"421","ba_fbih_421","liability_current","l10n_ba.l10n_ba_fbih_chart_template","Obaveze po emitovanim kratkoročnim vrijednosnim papirima",,
"422","ba_fbih_422","liability_current","l10n_ba.l10n_ba_fbih_chart_template","Kratkoročni krediti uzeti u zemlji",,
"423","ba_fbih_423","liability_current","l10n_ba.l10n_ba_fbih_chart_template","Kratkoročni krediti uzeti u inostranstvu",,
"424","ba_fbih_424","liability_current","l10n_ba.l10n_ba_fbih_chart_template","Kratkoročni dio dugoročnih kredita",,
"425","ba_fbih_425","liability_current","l10n_ba.l10n_ba_fbih_chart_template","Kratkoročni dio dugoročnih obaveza po finansijskom lizingu",,
"427","ba_fbih_427","liability_current","l10n_ba.l10n_ba_fbih_chart_template","Kratkoročne obaveze po fer vrijednosti kroz račun dobiti i gubitka",,
"429","ba_fbih_429","liability_current","l10n_ba.l10n_ba_fbih_chart_template","Ostale kratkoročne finansijske obaveze",,
"430","ba_fbih_430","liability_current","l10n_ba.l10n_ba_fbih_chart_template","Primljeni avansi, depoziti i kaucije",,
"431","ba_fbih_431","liability_payable","l10n_ba.l10n_ba_fbih_chart_template","Dobavljači - povezana pravna lica",,"True"
"432","ba_fbih_432","liability_payable","l10n_ba.l10n_ba_fbih_chart_template","Dobavljači u zemlji",,"True"
"433","ba_fbih_433","liability_payable","l10n_ba.l10n_ba_fbih_chart_template","Dobavljači u inostranstvu",,"True"
"439","ba_fbih_439","liability_current","l10n_ba.l10n_ba_fbih_chart_template","Ostale obaveze iz poslovanja",,
"440","ba_fbih_440","liability_current","l10n_ba.l10n_ba_fbih_chart_template","Obaveze prema uvozniku",,
"441","ba_fbih_441","liability_current","l10n_ba.l10n_ba_fbih_chart_template","Obaveze po osnovu izvoza za tuđi račun",,
"442","ba_fbih_442","liability_current","l10n_ba.l10n_ba_fbih_chart_template","Obaveze po osnovu komisione i konsignacione prodaje",,
"443","ba_fbih_443","liability_current","l10n_ba.l10n_ba_fbih_chart_template","Obaveze iz zajedničkih poslova",,
"449","ba_fbih_449","liability_current","l10n_ba.l10n_ba_fbih_chart_template","Ostale obaveze iz specifičnih poslova",,
"450","ba_fbih_450","liability_current","l10n_ba.l10n_ba_fbih_chart_template","Obaveze za neto plaće i naknade plaća",,
"451","ba_fbih_451","liability_current","l10n_ba.l10n_ba_fbih_chart_template","Obaveze za porez i posebne dažbine na plaće i naknade plaća",,
"452","ba_fbih_452","liability_current","l10n_ba.l10n_ba_fbih_chart_template","Obaveze za doprinose u vezi plaća i naknada plaća",,
"453","ba_fbih_453","liability_current","l10n_ba.l10n_ba_fbih_chart_template","Obaveze za neto naknade plaća koje se refundiraju",,
"454","ba_fbih_454","liability_current","l10n_ba.l10n_ba_fbih_chart_template","Obaveze za porez i posebne dažbine na naknade plaća koje se refundiraju",,
"455","ba_fbih_455","liability_current","l10n_ba.l10n_ba_fbih_chart_template","Obaveze za doprinose u vezi naknada plaća koje se refundiraju",,
"456","ba_fbih_456","liability_current","l10n_ba.l10n_ba_fbih_chart_template","Obaveze za ostala neto primanja, naknade troškova i materijalna prava zaposlenih",,
"457","ba_fbih_457","liability_current","l10n_ba.l10n_ba_fbih_chart_template","Obaveze za porez i posebne dažbine na ostala primanja zaposlenih",,
"458","ba_fbih_458","liability_current","l10n_ba.l10n_ba_fbih_chart_template","Obaveze za doprinose u vezi ostalih primanja zaposlenih",,
"460","ba_fbih_460","liability_current","l10n_ba.l10n_ba_fbih_chart_template","Obaveze po osnovu kamata i troškova finansiranja",,
"461","ba_fbih_461","liability_current","l10n_ba.l10n_ba_fbih_chart_template","Obaveze za dividende",,
"462","ba_fbih_462","liability_current","l10n_ba.l10n_ba_fbih_chart_template","Obaveze za učešće u dobiti",,
"463","ba_fbih_463","liability_current","l10n_ba.l10n_ba_fbih_chart_template","Obaveze za naknade članovima odbora, komisija i sl.",,
"464","ba_fbih_464","liability_current","l10n_ba.l10n_ba_fbih_chart_template","Obaveze za porez i posebne dažbine na naknade članovima odbora, komisija i sl.",,
"465","ba_fbih_465","liability_current","l10n_ba.l10n_ba_fbih_chart_template","Obaveze za doprinose u vezi naknada članovima odbora, komisija i sl.",,
"466","ba_fbih_466","liability_current","l10n_ba.l10n_ba_fbih_chart_template","Obaveze prema fizičkim licima za naknade po ugovorima",,
"467","ba_fbih_467","liability_current","l10n_ba.l10n_ba_fbih_chart_template","Obaveze za porez i posebne dažbine na naknade fizičkim licima",,
"468","ba_fbih_468","liability_current","l10n_ba.l10n_ba_fbih_chart_template","Obaveze za doprinose u vezi naknada fizičkim licima",,
"469","ba_fbih_469","liability_current","l10n_ba.l10n_ba_fbih_chart_template","Ostale obaveze",,
"470","ba_fbih_470","liability_current","l10n_ba.l10n_ba_fbih_chart_template","PDV po osnovu isporuka drugim obveznicima PDV-a",,
"471","ba_fbih_471","liability_current","l10n_ba.l10n_ba_fbih_chart_template","PDV po primljenim avansima",,
"472","ba_fbih_472","liability_current","l10n_ba.l10n_ba_fbih_chart_template","PDV po osnovu vlastite potrošnje u neposlovne svrhe",,
"473","ba_fbih_473","liability_current","l10n_ba.l10n_ba_fbih_chart_template","PDV po osnovu isporuka neobveznicima PDV-a (krajnja potrošnja)",,
"474","ba_fbih_474","liability_current","l10n_ba.l10n_ba_fbih_chart_template","PDV obračunat na usluge stranih lica",,
"475","ba_fbih_475","liability_current","l10n_ba.l10n_ba_fbih_chart_template","Obaveze za uplatu PDV-a po posebnoj šemi",,
"478","ba_fbih_478","liability_current","l10n_ba.l10n_ba_fbih_chart_template","Druge obaveze iz osnova PDV-a",,
"479","ba_fbih_479","liability_current","l10n_ba.l10n_ba_fbih_chart_template","Obaveze za razliku između obaveza za PDV i ulaznog poreza",,
"480","ba_fbih_480","liability_current","l10n_ba.l10n_ba_fbih_chart_template","Obaveze za akcize",,
"481","ba_fbih_481","liability_current","l10n_ba.l10n_ba_fbih_chart_template","Obaveze za porez na dobit",,
"482","ba_fbih_482","liability_current","l10n_ba.l10n_ba_fbih_chart_template","Obaveze za poreze, carine i druge dažbine iz nabavke ili na teret troškova",,
"483","ba_fbih_483","liability_current","l10n_ba.l10n_ba_fbih_chart_template","Obaveze za ostale doprinose, članarine i sl. koje terete troškove",,
"484","ba_fbih_484","liability_current","l10n_ba.l10n_ba_fbih_chart_template","Obaveze za PDV koji se plaća pri uvozu",,
"489","ba_fbih_489","liability_current","l10n_ba.l10n_ba_fbih_chart_template","Ostale obaveze za poreze, doprinose i druge dažbine",,
"490","ba_fbih_490","liability_current","l10n_ba.l10n_ba_fbih_chart_template","Unaprijed obračunati rashodi perioda",,
"491","ba_fbih_491","liability_current","l10n_ba.l10n_ba_fbih_chart_template","Obračunati prihodi narednog perioda",,
"492","ba_fbih_492","liability_current","l10n_ba.l10n_ba_fbih_chart_template","Razgraničeni zavisni troškovi nabavke",,
"493","ba_fbih_493","liability_current","l10n_ba.l10n_ba_fbih_chart_template","Odloženi prihodi za primljene donacije i sl.",,
"494","ba_fbih_494","liability_current","l10n_ba.l10n_ba_fbih_chart_template","Razgraničeni prihodi po osnovu plasmana",,
"495","ba_fbih_495","liability_current","l10n_ba.l10n_ba_fbih_chart_template","Odložene porezne obaveze",,
"499","ba_fbih_499","liability_current","l10n_ba.l10n_ba_fbih_chart_template","Ostala pasivna vremenska razgraničenja",,
"500","ba_fbih_500","expense","l10n_ba.l10n_ba_fbih_chart_template","Nabavka robe",,
"501","ba_fbih_501","expense","l10n_ba.l10n_ba_fbih_chart_template","Nabavna vrijednost prodate robe",,
"502","ba_fbih_502","expense","l10n_ba.l10n_ba_fbih_chart_template","Nabavna vrijednost prodatih nekretnina pribavljenih radi prodaje",,
"510","ba_fbih_510","expense","l10n_ba.l10n_ba_fbih_chart_template","Nabavka sirovina, materijala, rezervnih dijelova i inventara",,
"511","ba_fbih_511","expense","l10n_ba.l10n_ba_fbih_chart_template","Utrošene sirovine i materijal",,
"512","ba_fbih_512","expense","l10n_ba.l10n_ba_fbih_chart_template","Utrošena energija i gorivo",,
"513","ba_fbih_513","expense","l10n_ba.l10n_ba_fbih_chart_template","Utrošeni rezervni dijelovi",,
"514","ba_fbih_514","expense","l10n_ba.l10n_ba_fbih_chart_template","Otpis sitnog inventara, ambalaže i autoguma",,
"519","ba_fbih_519","expense","l10n_ba.l10n_ba_fbih_chart_template","Odstupanje od cijena",,
"520","ba_fbih_520","expense","l10n_ba.l10n_ba_fbih_chart_template","Troškovi plaća",,
"521","ba_fbih_521","expense","l10n_ba.l10n_ba_fbih_chart_template","Troškovi naknada plaća",,
"523","ba_fbih_523","expense","l10n_ba.l10n_ba_fbih_chart_template","Troškovi službenih putovanja zaposlenih",,
"524","ba_fbih_524","expense","l10n_ba.l10n_ba_fbih_chart_template","Troškovi ostalih primanja, naknada i materijalnih prava zaposlenih",,
"527","ba_fbih_527","expense","l10n_ba.l10n_ba_fbih_chart_template","Troškovi naknada članovima odbora, komisija i sl.",,
"529","ba_fbih_529","expense","l10n_ba.l10n_ba_fbih_chart_template","Troškovi naknada ostalim fizičkim licima",,
"530","ba_fbih_530","expense","l10n_ba.l10n_ba_fbih_chart_template","Troškovi usluga izrade i dorade učinaka",,
"531","ba_fbih_531","expense","l10n_ba.l10n_ba_fbih_chart_template","Troškovi transportnih usluga",,
"532","ba_fbih_532","expense","l10n_ba.l10n_ba_fbih_chart_template","Troškovi usluga održavanja",,
"533","ba_fbih_533","expense","l10n_ba.l10n_ba_fbih_chart_template","Troškovi zakupa",,
"534","ba_fbih_534","expense","l10n_ba.l10n_ba_fbih_chart_template","Troškovi sajmova",,
"535","ba_fbih_535","expense","l10n_ba.l10n_ba_fbih_chart_template","Troškovi reklame i sponzorstava",,
"536","ba_fbih_536","expense","l10n_ba.l10n_ba_fbih_chart_template","Troškovi istraživanja",,
"537","ba_fbih_537","expense","l10n_ba.l10n_ba_fbih_chart_template","Troškovi razvoja koji se ne kapitalizuju",,
"539","ba_fbih_539","expense","l10n_ba.l10n_ba_fbih_chart_template","Troškovi ostalih usluga",,
"540","ba_fbih_540","expense_depreciation","l10n_ba.l10n_ba_fbih_chart_template","Amortizacija do visine porezno priznatih rashoda",,
"541","ba_fbih_541","expense_depreciation","l10n_ba.l10n_ba_fbih_chart_template","Amortizacija - privremeno porezno nepriznati rashod",,
"542","ba_fbih_542","expense_depreciation","l10n_ba.l10n_ba_fbih_chart_template","Amortizacija - trajno porezno nepriznati rashod",,
"543","ba_fbih_543","expense","l10n_ba.l10n_ba_fbih_chart_template","Troškovi rezervisanja iz osnova datih garantnih rokova",,
"544","ba_fbih_544","expense","l10n_ba.l10n_ba_fbih_chart_template","Troškovi rezervisanja za obnavljanje prirodnih bogatstava",,
"545","ba_fbih_545","expense","l10n_ba.l10n_ba_fbih_chart_template","Troškovi rezervisanja za zadržane kaucije i depozite",,
"546","ba_fbih_546","expense","l10n_ba.l10n_ba_fbih_chart_template","Troškovi rezervisanja za restrukturiranje",,
"547","ba_fbih_547","expense","l10n_ba.l10n_ba_fbih_chart_template","Troškovi rezervisanja za naknade i druge beneficije zaposlenika",,
"548","ba_fbih_548","expense","l10n_ba.l10n_ba_fbih_chart_template","Troškovi rezervisanja za sudske sporove i štetne ugovore",,
"549","ba_fbih_549","expense","l10n_ba.l10n_ba_fbih_chart_template","Troškovi ostalih dugoročnih rezervisanja",,
"550","ba_fbih_550","expense","l10n_ba.l10n_ba_fbih_chart_template","Troškovi neproizvodnih usluga",,
"551","ba_fbih_551","expense","l10n_ba.l10n_ba_fbih_chart_template","Troškovi reprezentacije",,
"552","ba_fbih_552","expense","l10n_ba.l10n_ba_fbih_chart_template","Troškovi premija osiguranja",,
"553","ba_fbih_553","expense","l10n_ba.l10n_ba_fbih_chart_template","Troškovi platnog prometa",,
"554","ba_fbih_554","expense","l10n_ba.l10n_ba_fbih_chart_template","Trošovi poštanskih i telekomunikacionih usluga",,
"555","ba_fbih_555","expense","l10n_ba.l10n_ba_fbih_chart_template","Troškovi poreza, naknada, taksi i dr. dažbina na teret pravnog lica",,
"556","ba_fbih_556","expense","l10n_ba.l10n_ba_fbih_chart_template","Troškovi članskih doprinosa i sl. obaveza",,
"559","ba_fbih_559","expense","l10n_ba.l10n_ba_fbih_chart_template","Ostali nematerijalni troškovi",,
"560","ba_fbih_560","expense","l10n_ba.l10n_ba_fbih_chart_template","Finansijski rashodi iz odnosa s povezanim pravnim licima",,
"561","ba_fbih_561","expense","l10n_ba.l10n_ba_fbih_chart_template","Rashodi kamata",,
"562","ba_fbih_562","expense","l10n_ba.l10n_ba_fbih_chart_template","Negativne kursne razlike",,
"563","ba_fbih_563","expense","l10n_ba.l10n_ba_fbih_chart_template","Rashodi iz osnova valutne klauzule",,
"569","ba_fbih_569","expense","l10n_ba.l10n_ba_fbih_chart_template","Ostali finansijski rashodi",,
"570","ba_fbih_570","expense","l10n_ba.l10n_ba_fbih_chart_template","Gubici od prodaje i rashodovanja stalnih sredstava",,
"571","ba_fbih_571","expense","l10n_ba.l10n_ba_fbih_chart_template","Gubici od prodaje i rashodovanja investicijskih nekretnina",,
"572","ba_fbih_572","expense","l10n_ba.l10n_ba_fbih_chart_template","Gubici od prodaje i rashodovanja bioloških sredstava",,
"573","ba_fbih_573","expense","l10n_ba.l10n_ba_fbih_chart_template","Gubici od prodaje sredstava namijenjenih prodaji i obustavljenog poslovanja",,
"574","ba_fbih_574","expense","l10n_ba.l10n_ba_fbih_chart_template","Gubici od prodaje učešća u kapitalu i vrijednosnih papira",,
"575","ba_fbih_575","expense","l10n_ba.l10n_ba_fbih_chart_template","Gubici od prodaje materijala",,
"576","ba_fbih_576","expense","l10n_ba.l10n_ba_fbih_chart_template","Manjkovi",,
"577","ba_fbih_577","expense","l10n_ba.l10n_ba_fbih_chart_template","Rashodi iz osnova zaštite od rizika koji ne ispunjavaju uslove da budu iskazani u okviru revalorizacionih rezervi",,
"578","ba_fbih_578","expense","l10n_ba.l10n_ba_fbih_chart_template","Rashodi po osnovu ispravke vrijednosti i otpisa potraživanja",,
"579","ba_fbih_579","expense","l10n_ba.l10n_ba_fbih_chart_template","Rashodovanja i gubici na zalihama materijala i robe i ostali rashodi",,
"580","ba_fbih_580","expense","l10n_ba.l10n_ba_fbih_chart_template","Umanjenje vrijednosti nematerijalnih sredstava",,
"581","ba_fbih_581","expense","l10n_ba.l10n_ba_fbih_chart_template","Umanjenje vrijednosti materijalnih stalnih sredstava",,
"582","ba_fbih_582","expense","l10n_ba.l10n_ba_fbih_chart_template","Umanjenje vrijednosti investicijskih nekretnina za koje se obračunava amortizacija",,
"583","ba_fbih_583","expense","l10n_ba.l10n_ba_fbih_chart_template","Umanjenje vrijednosti bioloških sredstava za koja se obračunava amortizacija",,
"584","ba_fbih_584","expense","l10n_ba.l10n_ba_fbih_chart_template","Umanjenje vrijednosti dugoročnih finansijskih plasmana i finansijskih sredstava raspoloživih za prodaju",,
"585","ba_fbih_585","expense","l10n_ba.l10n_ba_fbih_chart_template","Umanjenje vrijednosti zaliha",,
"586","ba_fbih_586","expense","l10n_ba.l10n_ba_fbih_chart_template","Umanjenje vrijednosti kratkoročnih finansijskih plasmana",,
"588","ba_fbih_588","expense","l10n_ba.l10n_ba_fbih_chart_template","Umanjenje vrijednosti sredstava namijenjenih prodaji i obustavljenog poslovanja",,
"589","ba_fbih_589","expense","l10n_ba.l10n_ba_fbih_chart_template","Umanjenje vrijednosti ostalih sredstava",,
"590","ba_fbih_590","expense","l10n_ba.l10n_ba_fbih_chart_template","Rashodi iz osnova promjene računovodstvenih politika",,
"591","ba_fbih_591","expense","l10n_ba.l10n_ba_fbih_chart_template","Rashodi iz osnova ispravki grešaka iz ranijih godina",,
"595","ba_fbih_595","expense","l10n_ba.l10n_ba_fbih_chart_template","Povećanje vrijednosti zaliha učinaka",,
"596","ba_fbih_596","expense","l10n_ba.l10n_ba_fbih_chart_template","Smanjenje vrijednosti zaliha učinaka",,
"599","ba_fbih_599","expense","l10n_ba.l10n_ba_fbih_chart_template","Prenos rashoda",,
"600","ba_fbih_600","income","l10n_ba.l10n_ba_fbih_chart_template","Prihodi od prodaje robe povezanim pravnim licima",,
"601","ba_fbih_601","income","l10n_ba.l10n_ba_fbih_chart_template","Prihodi od prodaje robe na domaćem tržištu",,
"602","ba_fbih_602","income","l10n_ba.l10n_ba_fbih_chart_template","Prihodi od prodaje robe na stranom tržištu",,
"610","ba_fbih_610","income","l10n_ba.l10n_ba_fbih_chart_template","Prihodi od prodaje učinaka povezanim pravnim licima",,
"611","ba_fbih_611","income","l10n_ba.l10n_ba_fbih_chart_template","Prihodi od prodaje učinaka na domaćem tržištu",,
"612","ba_fbih_612","income","l10n_ba.l10n_ba_fbih_chart_template","Prihodi od prodaje učinaka na stranom tržištu",,
"620","ba_fbih_620","income","l10n_ba.l10n_ba_fbih_chart_template","Prihodi od aktiviranja ili potrošnje robe",,
"621","ba_fbih_621","income","l10n_ba.l10n_ba_fbih_chart_template","Prihodi od aktiviranja ili potrošnje učinaka",,
"640","ba_fbih_640","income","l10n_ba.l10n_ba_fbih_chart_template","Povećanje vrijednosti investicijskih nekretnina koja se ne amortizujuju",,
"641","ba_fbih_641","income","l10n_ba.l10n_ba_fbih_chart_template","Povećanje vrijednosti bioloških sredstava koja se ne amortizuju",,
"642","ba_fbih_642","income","l10n_ba.l10n_ba_fbih_chart_template","Povećanje vrijednosti ostalih specifičnih sredstava koja se ne amortizuju",,
"643","ba_fbih_643","income","l10n_ba.l10n_ba_fbih_chart_template","Smanjenje vrijednosti investicijskih nekretnina koje se ne amortizuju",,
"644","ba_fbih_644","income","l10n_ba.l10n_ba_fbih_chart_template","Smanjenje vrijednosti bioloških sredstava koja se ne amortizuju",,
"645","ba_fbih_645","income","l10n_ba.l10n_ba_fbih_chart_template","Smanjenje vrijednosti ostalih specifičnih sredstava koja se ne amortizuju",,
"650","ba_fbih_650","income","l10n_ba.l10n_ba_fbih_chart_template","Prihodi od premija, subvencija, poticaja i sl.",,
"651","ba_fbih_651","income","l10n_ba.l10n_ba_fbih_chart_template","Prihodi od zakupa",,
"652","ba_fbih_652","income","l10n_ba.l10n_ba_fbih_chart_template","Prihodi od donacija",,
"653","ba_fbih_653","income","l10n_ba.l10n_ba_fbih_chart_template","Prihodi od članarina",,
"654","ba_fbih_654","income","l10n_ba.l10n_ba_fbih_chart_template","Prihodi od tantijema i licencnih prava",,
"655","ba_fbih_655","income","l10n_ba.l10n_ba_fbih_chart_template","Prihodi iz namjenskih izvora finansiranja",,
"659","ba_fbih_659","income","l10n_ba.l10n_ba_fbih_chart_template","Ostali prihodi po drugim osnovama",,
"660","ba_fbih_660","income","l10n_ba.l10n_ba_fbih_chart_template","Finansijski prihodi od povezanih pravnih lica",,
"661","ba_fbih_661","income","l10n_ba.l10n_ba_fbih_chart_template","Prihodi od kamata",,
"662","ba_fbih_662","income","l10n_ba.l10n_ba_fbih_chart_template","Pozitivne kursne razlike",,
"663","ba_fbih_663","income","l10n_ba.l10n_ba_fbih_chart_template","Prihodi od efekata valutne klauzule",,
"664","ba_fbih_664","income","l10n_ba.l10n_ba_fbih_chart_template","Prihodi od učešća u dobiti zajedničkih ulaganja",,
"669","ba_fbih_669","income","l10n_ba.l10n_ba_fbih_chart_template","Ostali finansijski prihodi",,
"670","ba_fbih_670","income","l10n_ba.l10n_ba_fbih_chart_template","Dobici od prodaje nematerijalnih i materijalnih stalnih sredstava",,
"671","ba_fbih_671","income","l10n_ba.l10n_ba_fbih_chart_template","Dobici od prodaje investicijskih nekretnina",,
"672","ba_fbih_672","income","l10n_ba.l10n_ba_fbih_chart_template","Dobici od prodaje bioloških sredstava",,
"673","ba_fbih_673","income","l10n_ba.l10n_ba_fbih_chart_template","Dobici od prodaje sredstava namijenjenih prodaji i obustavljenog poslovanja",,
"674","ba_fbih_674","income","l10n_ba.l10n_ba_fbih_chart_template","Dobici od prodaje učešća u kapitalu i vrijednosnih papira",,
"675","ba_fbih_675","income","l10n_ba.l10n_ba_fbih_chart_template","Dobici od prodaje materijala",,
"676","ba_fbih_676","income","l10n_ba.l10n_ba_fbih_chart_template","Viškovi",,
"677","ba_fbih_677","income","l10n_ba.l10n_ba_fbih_chart_template","Naplaćena otpisana potraživanja",,
"678","ba_fbih_678","income","l10n_ba.l10n_ba_fbih_chart_template","Prihodi po osnovu ugovorene zaštite od rizika",,
"679","ba_fbih_679","income","l10n_ba.l10n_ba_fbih_chart_template","Otpis obaveza, ukinuta rezervisanja i ostali prihodi",,
"680","ba_fbih_680","income","l10n_ba.l10n_ba_fbih_chart_template","Prihodi od usklađivanja vrijednosti nematerijalnih sredstava",,
"681","ba_fbih_681","income","l10n_ba.l10n_ba_fbih_chart_template","Prihodi od usklađivanja vrijednosti materijalnih stalnih sredstava",,
"682","ba_fbih_682","income","l10n_ba.l10n_ba_fbih_chart_template","Prihodi od usklađivanja vrijednosti investicijskih nekretnina za koje se obračunava amortizacija",,
"683","ba_fbih_683","income","l10n_ba.l10n_ba_fbih_chart_template","Prihodi od usklađivanja vrijednosti bioloških sredstava za koja se obračunava amortizacija",,
"684","ba_fbih_684","income","l10n_ba.l10n_ba_fbih_chart_template","Prihodi od usklađivanja vrijednosti dugoročnih finansijskih plasmana i finansijskih sredstava raspoloživih za prodaju",,
"685","ba_fbih_685","income","l10n_ba.l10n_ba_fbih_chart_template","Prihodi od usklađivanja vrijednosti zaliha",,
"686","ba_fbih_686","income","l10n_ba.l10n_ba_fbih_chart_template","Prihodi od usklađivanja vrijednosti kratkoročnih finansijskih plasmana",,
"687","ba_fbih_687","income","l10n_ba.l10n_ba_fbih_chart_template","Prihodi od usklađivanja vrijednosti kapitala (negativni goodwill)",,
"688","ba_fbih_688","income","l10n_ba.l10n_ba_fbih_chart_template","Prihodi od usklađivanja vrijednosti sredstava namijenjenih prodaji i obustavljenog poslovanja",,
"689","ba_fbih_689","income","l10n_ba.l10n_ba_fbih_chart_template","Prihodi od usklađivanja vrijednosti ostalih sredstava",,
"690","ba_fbih_690","income","l10n_ba.l10n_ba_fbih_chart_template","Prihodi iz osnova promjene računovodstvenih politika",,
"691","ba_fbih_691","income","l10n_ba.l10n_ba_fbih_chart_template","Prihodi iz osnova ispravki grešaka iz ranijih godina",,
"699","ba_fbih_699","income","l10n_ba.l10n_ba_fbih_chart_template","Prenos prihoda",,
"700","ba_fbih_700","off_balance","l10n_ba.l10n_ba_fbih_chart_template","Otvaranje glavne knjige finansijskog računovodstva",,
"710","ba_fbih_710","off_balance","l10n_ba.l10n_ba_fbih_chart_template","Ukupni prihodi",,
"711","ba_fbih_711","off_balance","l10n_ba.l10n_ba_fbih_chart_template","Ukupni rashodi",,
"712","ba_fbih_712","off_balance","l10n_ba.l10n_ba_fbih_chart_template","Prenos rezultata perioda",,
"720","ba_fbih_720","off_balance","l10n_ba.l10n_ba_fbih_chart_template","Dobit ili gubitak",,
"721","ba_fbih_721","off_balance","l10n_ba.l10n_ba_fbih_chart_template","Porezni rashodi perioda",,
"722","ba_fbih_722","off_balance","l10n_ba.l10n_ba_fbih_chart_template","Odloženi porezni rashodi i prihodi perioda",,
"723","ba_fbih_723","off_balance","l10n_ba.l10n_ba_fbih_chart_template","Obračunate međudividende i drugi vidovi raspodjele dobiti u toku perioda",,
"724","ba_fbih_724","off_balance","l10n_ba.l10n_ba_fbih_chart_template","Prenos dobiti ili gubitka",,
"730","ba_fbih_730","off_balance","l10n_ba.l10n_ba_fbih_chart_template","Zaključak konta stanja",,
"880","ba_fbih_880","off_balance","l10n_ba.l10n_ba_fbih_chart_template","Tuđa roba",,
"881","ba_fbih_881","off_balance","l10n_ba.l10n_ba_fbih_chart_template","Tuđi materijal",,
"882","ba_fbih_882","off_balance","l10n_ba.l10n_ba_fbih_chart_template","Tuđi poluproizvodi i proizvodi",,
"883","ba_fbih_883","off_balance","l10n_ba.l10n_ba_fbih_chart_template","Tuđa osnovna sredstva",,
"884","ba_fbih_884","off_balance","l10n_ba.l10n_ba_fbih_chart_template","Ostala aktivna konta vanbilansne evidencije",,
"885","ba_fbih_885","off_balance","l10n_ba.l10n_ba_fbih_chart_template","Vrijednosni papiri van prometa",,
"886","ba_fbih_886","off_balance","l10n_ba.l10n_ba_fbih_chart_template","Primljeni avali i garancije",,
"887","ba_fbih_887","off_balance","l10n_ba.l10n_ba_fbih_chart_template","Dati avali, garancije i druga jamstva",,
"888","ba_fbih_888","off_balance","l10n_ba.l10n_ba_fbih_chart_template","Ostala vanbilansna aktiva",,
"890","ba_fbih_890","off_balance","l10n_ba.l10n_ba_fbih_chart_template","Obaveze za tuđu robu",,
"891","ba_fbih_891","off_balance","l10n_ba.l10n_ba_fbih_chart_template","Obaveze za tuđi materijal",,
"892","ba_fbih_892","off_balance","l10n_ba.l10n_ba_fbih_chart_template","Obaveze za tuđe poluproizvode i proizvode",,
"893","ba_fbih_893","off_balance","l10n_ba.l10n_ba_fbih_chart_template","Obaveze za tuđa osnovna sredstva",,
"894","ba_fbih_894","off_balance","l10n_ba.l10n_ba_fbih_chart_template","Obaveze za ostala sredstva",,
"895","ba_fbih_895","off_balance","l10n_ba.l10n_ba_fbih_chart_template","Obaveze za vrijednosne papire van prometa",,
"896","ba_fbih_896","off_balance","l10n_ba.l10n_ba_fbih_chart_template","Obaveze za primljene avale i garancije",,
"897","ba_fbih_897","off_balance","l10n_ba.l10n_ba_fbih_chart_template","Obaveze za date avale, garancije i druga jamstva",,
"898","ba_fbih_898","off_balance","l10n_ba.l10n_ba_fbih_chart_template","Ostala vanbilansna pasiva",,
"900","ba_fbih_900","off_balance","l10n_ba.l10n_ba_fbih_chart_template","Preuzimanje zaliha",,
"901","ba_fbih_901","off_balance","l10n_ba.l10n_ba_fbih_chart_template","Preuzimanje nabavke materijala i robe",,
"902","ba_fbih_902","off_balance","l10n_ba.l10n_ba_fbih_chart_template","Preuzimanje troškova",,
"903","ba_fbih_903","off_balance","l10n_ba.l10n_ba_fbih_chart_template","Preuzimanje prihoda",,
"910","ba_fbih_910","off_balance","l10n_ba.l10n_ba_fbih_chart_template","Materijal",,
"911","ba_fbih_911","off_balance","l10n_ba.l10n_ba_fbih_chart_template","Roba",,
"912","ba_fbih_912","off_balance","l10n_ba.l10n_ba_fbih_chart_template","Proizvodi i roba u prodavnici proizvođača",,
"920","ba_fbih_920","off_balance","l10n_ba.l10n_ba_fbih_chart_template","Troškovi materijala za izradu",,
"921","ba_fbih_921","off_balance","l10n_ba.l10n_ba_fbih_chart_template","Troškovi ostalog (režijskog) materijala",,
"922","ba_fbih_922","off_balance","l10n_ba.l10n_ba_fbih_chart_template","Troškovi goriva podignutog iz skladišta",,
"923","ba_fbih_923","off_balance","l10n_ba.l10n_ba_fbih_chart_template","Troškovi ostalog goriva i energije",,
"924","ba_fbih_924","off_balance","l10n_ba.l10n_ba_fbih_chart_template","Troškovi zarada i naknada zarada",,
"925","ba_fbih_925","off_balance","l10n_ba.l10n_ba_fbih_chart_template","Troškovi proizvodnih usluga",,
"926","ba_fbih_926","off_balance","l10n_ba.l10n_ba_fbih_chart_template","Troškovi amortizacije i rezevisanja",,
"927","ba_fbih_927","off_balance","l10n_ba.l10n_ba_fbih_chart_template","Nematerijalni troškovi",,
"928","ba_fbih_928","off_balance","l10n_ba.l10n_ba_fbih_chart_template","Alocirani troškovi zajedničkih mjesta troškova",,
"929","ba_fbih_929","off_balance","l10n_ba.l10n_ba_fbih_chart_template","Prenos troškova","Alternativa: Troškovi obuhvaćeni kontima 924 do 927 mogu se obuhvatiti na jednom kontu Opći troškovi, pa bi u tom slučaju konta grupe 92 bila sljedeća: ",
"930","ba_fbih_930","off_balance","l10n_ba.l10n_ba_fbih_chart_template","Troškovi materijala za izradu",,
"931","ba_fbih_931","off_balance","l10n_ba.l10n_ba_fbih_chart_template","Troškovi ostalog (režijskog) materijala",,
"932","ba_fbih_932","off_balance","l10n_ba.l10n_ba_fbih_chart_template","Troškovi goriva podignutog iz skladišta",,
"933","ba_fbih_933","off_balance","l10n_ba.l10n_ba_fbih_chart_template","Troškovi ostalog goriva i energije",,
"934","ba_fbih_934","off_balance","l10n_ba.l10n_ba_fbih_chart_template","Troškovi zarada i naknada zarada",,
"935","ba_fbih_935","off_balance","l10n_ba.l10n_ba_fbih_chart_template","Troškovi proizvodnih usluga",,
"936","ba_fbih_936","off_balance","l10n_ba.l10n_ba_fbih_chart_template","Troškovi amortizacije i rezervisanja",,
"937","ba_fbih_937","off_balance","l10n_ba.l10n_ba_fbih_chart_template","Nematerijalni troškovi",,
"938","ba_fbih_938","off_balance","l10n_ba.l10n_ba_fbih_chart_template","Alocirani troškovi zajedničkih mjesta troškova",,
"939","ba_fbih_939","off_balance","l10n_ba.l10n_ba_fbih_chart_template","Prenos troškova","Alternativa: Troškovi obuhvaćeni kontima 934 do 937 mogu se obuhvatiti na jednom kontu Opći troškovi, pa bi u tom slučaju konta grupe 93 bila sljedeća: ",
"940","ba_fbih_940","off_balance","l10n_ba.l10n_ba_fbih_chart_template","Troškovi materijala za izradu",,
"941","ba_fbih_941","off_balance","l10n_ba.l10n_ba_fbih_chart_template","Troškovi ostalog (režijskog) materijala",,
"942","ba_fbih_942","off_balance","l10n_ba.l10n_ba_fbih_chart_template","Troškovi goriva podignutog iz skladišta",,
"943","ba_fbih_943","off_balance","l10n_ba.l10n_ba_fbih_chart_template","Troškovi ostalog goriva i energije",,
"944","ba_fbih_944","off_balance","l10n_ba.l10n_ba_fbih_chart_template","Troškovi zarada i naknada zarada",,
"945","ba_fbih_945","off_balance","l10n_ba.l10n_ba_fbih_chart_template","Troškovi proizvodnih usluga",,
"946","ba_fbih_946","off_balance","l10n_ba.l10n_ba_fbih_chart_template","Troškovi amortizacije i rezervisanja",,
"947","ba_fbih_947","off_balance","l10n_ba.l10n_ba_fbih_chart_template","Nematerijalni troškovi",,
"948","ba_fbih_948","off_balance","l10n_ba.l10n_ba_fbih_chart_template","Alocirani troškovi zajedničkih mjesta troškova",,
"949","ba_fbih_949","off_balance","l10n_ba.l10n_ba_fbih_chart_template","Prenos troškova","Alternativa: Troškovi obuhvaćeni kontima 944 do 947 mogu se obuhvatiti na jednom kontu Opći troškovi, pa bi u tom slučaju konta grupe 94 bila sljedeća: ",
"950","ba_fbih_950","off_balance","l10n_ba.l10n_ba_fbih_chart_template","Nedovršeni učinci",,
"951","ba_fbih_951","off_balance","l10n_ba.l10n_ba_fbih_chart_template","Prenos proizvoda iz proizvodnje u skladište",,
"952","ba_fbih_952","off_balance","l10n_ba.l10n_ba_fbih_chart_template","Prenos poluproizvoda iz proizvodnje u skladište",,
"953","ba_fbih_953","off_balance","l10n_ba.l10n_ba_fbih_chart_template","Prenos troškova realizovanih usluga",,
"957","ba_fbih_957","off_balance","l10n_ba.l10n_ba_fbih_chart_template","Troškovi utrošenih poluproizvoda",,
"958","ba_fbih_958","off_balance","l10n_ba.l10n_ba_fbih_chart_template","Poluproizvodi u skladištu",,
"959","ba_fbih_959","off_balance","l10n_ba.l10n_ba_fbih_chart_template","Odstupanja u troškovima nosilaca troškova",,
"960","ba_fbih_960","off_balance","l10n_ba.l10n_ba_fbih_chart_template","Gotovi proizvodi",,
"961","ba_fbih_961","off_balance","l10n_ba.l10n_ba_fbih_chart_template","Gotovi proizvodi",,
"962","ba_fbih_962","off_balance","l10n_ba.l10n_ba_fbih_chart_template","Gotovi proizvodi",,
"963","ba_fbih_963","off_balance","l10n_ba.l10n_ba_fbih_chart_template","Gotovi proizvodi",,
"964","ba_fbih_964","off_balance","l10n_ba.l10n_ba_fbih_chart_template","Gotovi proizvodi",,
"965","ba_fbih_965","off_balance","l10n_ba.l10n_ba_fbih_chart_template","Gotovi proizvodi",,
"966","ba_fbih_966","off_balance","l10n_ba.l10n_ba_fbih_chart_template","Gotovi proizvodi",,
"967","ba_fbih_967","off_balance","l10n_ba.l10n_ba_fbih_chart_template","Gotovi proizvodi",,
"968","ba_fbih_968","off_balance","l10n_ba.l10n_ba_fbih_chart_template","Gotovi proizvodi",,
"969","ba_fbih_969","off_balance","l10n_ba.l10n_ba_fbih_chart_template","Odstupanja u troškovima gotovih proizvoda",,
"980","ba_fbih_980","off_balance","l10n_ba.l10n_ba_fbih_chart_template","Troškovi prodatih proizvoda i usluga",,
"981","ba_fbih_981","off_balance","l10n_ba.l10n_ba_fbih_chart_template","Nabavna vrijednost prodate robe",,
"982","ba_fbih_982","off_balance","l10n_ba.l10n_ba_fbih_chart_template","Troškovi perioda",,
"983","ba_fbih_983","off_balance","l10n_ba.l10n_ba_fbih_chart_template","Otpis, manjkovi i viškovi zaliha učinaka",,
"985","ba_fbih_985","off_balance","l10n_ba.l10n_ba_fbih_chart_template","Slobodni konto",,
"986","ba_fbih_986","off_balance","l10n_ba.l10n_ba_fbih_chart_template","Prihodi po osnovu prodaje proizvoda i usluga",,
"987","ba_fbih_987","off_balance","l10n_ba.l10n_ba_fbih_chart_template","Prihodi po osnovu prodaje robe",,
"988","ba_fbih_988","off_balance","l10n_ba.l10n_ba_fbih_chart_template","Slobodni konto",,
"989","ba_fbih_989","off_balance","l10n_ba.l10n_ba_fbih_chart_template","Drugi prihodi",,
"990","ba_fbih_990","off_balance","l10n_ba.l10n_ba_fbih_chart_template","Poslovni dobitak i gubitak",,
"991","ba_fbih_991","off_balance","l10n_ba.l10n_ba_fbih_chart_template","Dobitak i gubitak po osnovu prodaje materijala",,
"992","ba_fbih_992","off_balance","l10n_ba.l10n_ba_fbih_chart_template","Manjkovi materijala i robe",,
"993","ba_fbih_993","off_balance","l10n_ba.l10n_ba_fbih_chart_template","Otpis materijala i robe",,
"994","ba_fbih_994","off_balance","l10n_ba.l10n_ba_fbih_chart_template","Viškovi materijala i robe",,
"999","ba_fbih_999","off_balance","l10n_ba.l10n_ba_fbih_chart_template","Zaključak obračuna troškova i učinaka",,
